Rxn_ID,Esc_vial site,Cation,Desired In-organic [M],Desired Organic [M],Actual In-organic [M],Actual Organic [M],Solvent,Solvent vol (uL),Anti-Solvent vol (uL),FAH (uL),Rxn capturing time,Crystal score,Humidity/Temp,Rxn.Specifications,Images location,Diffusion data Location ((Lower_meniscus)),Crystal growth data location,Crystal height data location (Lower_meniscus),Liquid_height_and_crystal_start,Notes
MA_333_1,A1,2Pyrrolidin1ium1ylethylammoniumiodide,0.5,0.75,0.6,0.71,DMF,180,800,20,22,4,https://drive.google.com/file/d/1HoGHPVEBnGF69SfN1MRQLCDMNcwQe2KL/view?usp=sharing,https://drive.google.com/drive/folders/1u0y7K83QNuSipCbZ1S8_lVk_H_G02lHw?usp=sharing,https://drive.google.com/drive/folders/1UDXo_KQmNK2xCY5GeO_ryXBdKr2TtLxk?usp=sharing,https://docs.google.com/spreadsheets/d/15hvLXY0FlnH5s-2Q3zKKMDQqNcn5DnmVjPq7ocrAvQY/edit?usp=sharing,https://docs.google.com/spreadsheets/d/1n8niqG8vTiMRcuhzzM6tabviQAh_PQQsB06klTu9Oi8/edit?usp=sharing,https://docs.google.com/spreadsheets/d/1XnHqtNR0Sf1nUZJ6ntskrQ_W3spnCGLUG2vc-Wlln08/edit?usp=sharing,https://docs.google.com/spreadsheets/d/1RBiqPfiEV11FrS0cymFXvtuk65xR83jlkM1ThjwPHyk/edit?usp=sharing,
MA_333_2,C1,2Pyrrolidin1ium1ylethylammoniumiodide,0.5,0.75,0.54,0.69,DMSO,180,800,20,29,1,https://drive.google.com/file/d/1EdPWXdRMXrh6tsZ8nLj9R9MFxz2HLHv7/view?usp=sharing,https://drive.google.com/drive/folders/1u0y7K83QNuSipCbZ1S8_lVk_H_G02lHw?usp=sharing,,https://docs.google.com/spreadsheets/d/1vc5OpOf07EdlZKxTLKe7rQL3Sg1eEAUoC78ssIc2QbA/edit?usp=sharing,,,https://docs.google.com/spreadsheets/d/1PimAo2od5yKo_NZZCg0RbNohLqVjTa3HByfmofpIES8/edit#gid=677608698,
MA_333_3,E1,2Pyrrolidin1ium1ylethylammoniumiodide,0.5,0.75,0.52,0.66,DMF:DMSO,180,800,20,23,4,https://drive.google.com/file/d/1Af2wC-3sjoNcJ4G4eOP6mmdE4ywM85yM/view?usp=sharing,https://drive.google.com/drive/folders/1u0y7K83QNuSipCbZ1S8_lVk_H_G02lHw?usp=sharing,https://drive.google.com/drive/folders/1Wo7EDBPSYkpcKjKI5ssZJObPnY3jrXkx?usp=sharing,https://docs.google.com/spreadsheets/d/1YLqYgJE97wcRLcRBCDu6Z_-pI7TemFHpqSZ9Y5otWrI/edit?usp=sharing,https://docs.google.com/spreadsheets/d/1MXmCo0xaToDc26DufAkv_GWyIyp1UlHiWebdvVaPWcw/edit?usp=sharing,https://docs.google.com/spreadsheets/d/1ACgsNkpyLJa6P6e64fRfrCUShhaGTd4pzp9m3OKMpZQ/edit?usp=sharing,https://docs.google.com/spreadsheets/d/1l7DdywQRU1mfeWDifeyWIqQCtbsEVvb5fGR5Sd-wG7M/edit?usp=sharing,
MA_333_4,G1,2Pyrrolidin1ium1ylethylammoniumiodide,0.5,0.75,0.49,0.66,GBL:DMF,180,800,20,15,4,https://drive.google.com/file/d/1Af2wC-3sjoNcJ4G4eOP6mmdE4ywM85yM/view?usp=sharing,https://drive.google.com/drive/folders/1u0y7K83QNuSipCbZ1S8_lVk_H_G02lHw?usp=sharing,https://drive.google.com/drive/folders/1YQB7ilS3JI9t38MZxDDZCF3gDAgXdU6X?usp=sharing,https://docs.google.com/spreadsheets/d/1vA5I9rnL0f4StbzEKiAJkqnVgesko20rBb0KccM5XeM/edit?usp=sharing,https://docs.google.com/spreadsheets/d/1tIuFQ98jtTJ5Scps-9x3WGzEzlvQsu9D6WVLqoUfEqk/edit?usp=sharing,https://docs.google.com/spreadsheets/d/1489LQH1QC63q3u_vU78ndAKdNzUIax0kDQU_K9UDyXE/edit?usp=sharing,https://docs.google.com/spreadsheets/d/1VW5Dhq-CcC9Jrx06aLbv-C1g-va7bedk46jYcYrCpwY/edit?usp=sharing,
MA_336_4,A1,CyclohexylmethylammoniumIodide,0.5,0.75,0.49,0.77,GBL,180,800,20,22,4,https://drive.google.com/file/d/1LvTtWTwS9dEqWm3NvRPlVJftHUt6058R/view?usp=sharing,https://drive.google.com/drive/folders/1LfsxvyMQEl0o8zoDwIcGmK3SLVRna7zz?usp=sharing,https://drive.google.com/drive/folders/1NEax3xkjHSLoToyCBpzr1h88xNdWseHb?usp=sharing,https://docs.google.com/spreadsheets/d/1UQZdM--njwZNuLyPELewBOe4tNR8HmkLDsn-xHDGU1U/edit?usp=sharing,https://drive.google.com/file/d/1Aa4n6PFKgiH1BgSbfBzgBUvxN_rcGrLK/view?usp=sharing,https://docs.google.com/spreadsheets/d/1SyqU2e6-19JHZdt_O9x_hUeNM_Yxz4Hq7R5qBIwBGRs/edit?usp=sharing,https://docs.google.com/spreadsheets/d/1FVNspAO06oUxrVnaytvGasaXlz9b4nXvDvr0UUIglOk/edit?usp=sharing,
MA_336_5,C1,CyclohexylmethylammoniumIodide,0.5,0.75,0.5,0.82,DMF,180,800,20,22,1,https://drive.google.com/file/d/1LvTtWTwS9dEqWm3NvRPlVJftHUt6058R/view?usp=sharing,https://drive.google.com/drive/folders/1LfsxvyMQEl0o8zoDwIcGmK3SLVRna7zz?usp=sharing,,https://docs.google.com/spreadsheets/d/11j4gpHhI1-xY4Z9RwKp-kXoy5pjN4YZfVFrgUocHLSE/edit?usp=sharing,,,https://docs.google.com/spreadsheets/d/1hiNVzyBTw6gRChpnO-_rUSxDNgYPZwrZAag11b0KFkM/edit#gid=1902316142,
MA_336_6,E1,CyclohexylmethylammoniumIodide,0.5,0.75,0.51,0.73,DMSO,180,800,20,22,1,https://drive.google.com/file/d/1boTuw4IUra7SaEyOT0fxZWSBEpxOMJ5i/view?usp=sharing,https://drive.google.com/drive/folders/1LfsxvyMQEl0o8zoDwIcGmK3SLVRna7zz?usp=sharing,,https://docs.google.com/spreadsheets/d/1e8b9z_cXQ6cqsPmkUwS84lr6GVWqp9yynjHRNMNK-iA/edit?usp=sharing,,,https://docs.google.com/spreadsheets/d/1w6xBO4p01V-tt7lvsrRaZDw677-6zEr4jo6sDWK_AIA/edit#gid=1284419790,
MA_336_7,G1,CyclohexylmethylammoniumIodide,0.5,0.75,0.54,0.73,DMF:DMSO,180,800,20,24,1,https://drive.google.com/file/d/15AawN0jLT5T8QBK_gGNCDlk9vZ5Gn6KD/view?usp=sharing,https://drive.google.com/drive/folders/1LfsxvyMQEl0o8zoDwIcGmK3SLVRna7zz?usp=sharing,,https://docs.google.com/spreadsheets/d/1FFQnY44eQHXG4dxfhSg_VjK6TmKudM1j-EL9EGWYUAA/edit?usp=sharing,,,https://docs.google.com/spreadsheets/d/1-g1YeWT60vU1e0_uuURTu4rp-MtHzPqm694kWrboHhs/edit#gid=260577772,
MA_336_8,A3,CyclohexylmethylammoniumIodide,0.5,0.75,0.47,0.73,GBL:DMF,180,800,20,24,1,https://drive.google.com/file/d/1bC6ShToLj9u4Wr7LUyHPZXYqwrgzNdWW/view?usp=sharing,https://drive.google.com/drive/folders/1LfsxvyMQEl0o8zoDwIcGmK3SLVRna7zz?usp=sharing,,https://docs.google.com/spreadsheets/d/15dhrdESVFR1CZLyqRQeBc6h1LDEYusHGKfbmOyAKDPY/edit?usp=sharing,,,https://docs.google.com/spreadsheets/d/1wZa0sZIr4gC6cjpwuzbcOclZEN7gyKe-UIGK1vkRIFs/edit#gid=2093662539,
MA_350_1,A1,AcNH3I,0.5,0.75,0.5,0.75,GBL,180,800,20,18,4,https://drive.google.com/file/d/1-dr83ecfA9r6BSuZijxt8ZSkoa5j_W0M/view?usp=sharing,https://drive.google.com/drive/folders/16KgCHrRx5N75gvjLpK66WOlqCiI4lKgf?usp=sharing,https://drive.google.com/drive/folders/1ZRtuGSxRqamWq1dHdkubIwD7S_ip2ShV?usp=sharing,https://docs.google.com/spreadsheets/d/1QVggT7Mli6H-o37pZK7VIrXcpBquu0YjRwFGpRH8P1I/edit?usp=sharing,https://docs.google.com/spreadsheets/d/13w2hMqemUepkM5Mdy_OFuFRKimO4FF9muJCb_CIZc9g/edit?usp=sharing,https://docs.google.com/spreadsheets/d/13w2hMqemUepkM5Mdy_OFuFRKimO4FF9muJCb_CIZc9g/edit?usp=sharing,https://docs.google.com/spreadsheets/d/1fCuBLhgAQmTTAuxwLJNR9xZ4s9ozhTc7aKVO19GAODw/edit?usp=sharing,
MA_350_2,C1,AcNH3I,0.5,0.75,0.52,0.76,DMF,180,800,20,22,1,https://drive.google.com/file/d/1xtKPvIZ_b0EVnTH5-MAie37bIIQcG9Ka/view?usp=sharing,https://drive.google.com/drive/folders/16KgCHrRx5N75gvjLpK66WOlqCiI4lKgf?usp=sharing,,https://docs.google.com/spreadsheets/d/1I8Zi9xzlzWYGHtVdLEpM5gwqUMbzl28QXjVtE-fIy0w/edit?usp=sharing,,,https://docs.google.com/spreadsheets/d/1sjF91OGUYgQ656GaGX1dCqynMerxSRx3eA0kOsqScdQ/edit?usp=sharing,
MA_350_3,E1,AcNH3I,0.5,0.75,0.5,0.78,DMSO,180,800,20,25,1,https://drive.google.com/file/d/17PKLWgMDY82pdOJVeJajeYpolyd_anyN/view?usp=sharing,https://drive.google.com/drive/folders/16KgCHrRx5N75gvjLpK66WOlqCiI4lKgf?usp=sharing,,https://docs.google.com/spreadsheets/d/1t3fckz6a7Qiyoer2Bdjf_sH308MILrMXXynKNwxGbY8/edit?usp=sharing,,,https://docs.google.com/spreadsheets/d/1MIrj9KdK6u7yqAdWq6hO-JQKCjf2KU1x2Se48B1TjpQ/edit?usp=sharing,
MA_350_4,G1,AcNH3I,0.5,0.75,0.48,0.73,DMF:DMSO,180,800,20,25,1,https://drive.google.com/file/d/1biJKTl8_8QxxZDkf2hOWeCd6YlEUscgw/view?usp=sharing,https://drive.google.com/drive/folders/16KgCHrRx5N75gvjLpK66WOlqCiI4lKgf?usp=sharing,,https://docs.google.com/spreadsheets/d/18qdIOsnWYKmNh_3bIeRSDEQcKAkckO5Z_py4dEtT-Ek/edit?usp=sharing,,,https://docs.google.com/spreadsheets/d/10NO36VkPQ2Y88e_zp8wOKCJTlzBHh6xLj-Tt4clxB1I/edit?usp=sharing,
MA_350_5,A3,AcNH3I,0.5,0.75,0.51,0.79,GBL:DMF,180,800,20,18,4,https://drive.google.com/file/d/1U4RapqJvCVJXp1t3r5xQj6dHGZrf-NoZ/view?usp=sharing,https://drive.google.com/drive/folders/16KgCHrRx5N75gvjLpK66WOlqCiI4lKgf?usp=sharing,https://drive.google.com/drive/folders/1nEgRZ9j5HZunzGn6VKy8qr7A9w553RI4?usp=sharing,https://docs.google.com/spreadsheets/d/1XSkt8ljPQ6TEFIBGQvv2KfyuR7HT9Z49KmeIseRTIPc/edit?usp=sharing,https://docs.google.com/spreadsheets/d/1OkW_KmicVFwA6MFy9gYzHtF_zeLUzkljybtJOi3_ujY/edit?usp=sharing,https://docs.google.com/spreadsheets/d/1OkW_KmicVFwA6MFy9gYzHtF_zeLUzkljybtJOi3_ujY/edit?usp=sharing,https://docs.google.com/spreadsheets/d/1bvd5E85gYhztqOXF82hqA4ex-ZoOrHCHVW8lDd_cV0A/edit?usp=sharing,
MA_351_1,A1,EtNH3I,0.5,0.75,0.51,0.75,GBL,180,800,20,19,4,https://drive.google.com/file/d/1-dr83ecfA9r6BSuZijxt8ZSkoa5j_W0M/view?usp=sharing,https://drive.google.com/drive/folders/1BkjkMxT8CaMAru8DDLx2OvWiEQtfgziR?usp=sharing,https://drive.google.com/drive/folders/1LgPhJRopVuPPfFftaWWzwbRydj3ySZZA?usp=sharing,https://docs.google.com/spreadsheets/d/1YNqaJNhWXKyeJYJq6TYKCrrlVqBuN6HPkDoecPojjKk/edit?usp=sharing,https://docs.google.com/spreadsheets/d/1HQ8XkxoQd8X2LxpDFXWrfpCV9KZFnMWG6FDJ8RCAqYc/edit?usp=sharing,https://docs.google.com/spreadsheets/d/1HQ8XkxoQd8X2LxpDFXWrfpCV9KZFnMWG6FDJ8RCAqYc/edit?usp=sharing,https://docs.google.com/spreadsheets/d/1MAiJ9II3Oh65AnQeHGlDN_RsrJwnPQXfGOJ33PDAOJc/edit?usp=sharing,
MA_351_2,C1,EtNH3I,0.5,0.75,0.52,0.75,DMF,180,800,20,25,1,https://drive.google.com/file/d/1T8vUwYDeo2ex4Ys6TbB8n0cAyEq2URAY/view?usp=sharing,https://drive.google.com/drive/folders/1BkjkMxT8CaMAru8DDLx2OvWiEQtfgziR?usp=sharing,,https://docs.google.com/spreadsheets/d/1w4tDpwFhTsqDNSx8qWNf6kABFghdFbODeSeZD4B7rb8/edit?usp=sharing,,,https://docs.google.com/spreadsheets/d/10BzWTnthmjIOWi-JzhRKiYMp0Qxy4r475MyBlc_KJMk/edit?usp=sharing,
MA_351_3,E1,EtNH3I,0.5,0.75,0.51,0.76,DMSO,180,800,20,25,1,https://drive.google.com/file/d/12-4sDguH_nxV8FmTo7ROUVct3zNR6wj1/view?usp=sharing,https://drive.google.com/drive/folders/1BkjkMxT8CaMAru8DDLx2OvWiEQtfgziR?usp=sharing,,https://docs.google.com/spreadsheets/d/1bnNUUfeKKZJZRfONqvNESzJngmTGVoOy8JYB6rMBYcY/edit?usp=sharing,,,https://docs.google.com/spreadsheets/d/1PW9-Zb75E4bSQ59GZ6zfIc-bRYaM__iSSLIfd8T8F5I/edit?usp=sharing,
MA_351_4,G1,EtNH3I,0.5,0.75,0.51,0.76,DMF:DMSO,180,800,20,25,1,https://drive.google.com/file/d/1ReauuNJgyy0_XjEf_kRFjbHf-ERJ4IOW/view?usp=sharing,https://drive.google.com/drive/folders/1BkjkMxT8CaMAru8DDLx2OvWiEQtfgziR?usp=sharing,,https://docs.google.com/spreadsheets/d/1BebgRM-MCJ7ICtLE0oiZEkmpU47_5cZi6wKiM5fV_qI/edit?usp=sharing,,,https://docs.google.com/spreadsheets/d/1vG1Qt87XJYLjqjrR-DWDQxvBBLAwoHcSevJxxrlJ9Ms/edit?usp=sharing,
MA_385_2,A3,EtNH3I,0.5,0.75,0.55,0.75,GBL:DMF,90,400,10,40,1,https://drive.google.com/file/d/1akf_A3rvygw8Yx5U60nU24YN7UeK7xBp/view?usp=sharing,https://drive.google.com/drive/folders/1BkjkMxT8CaMAru8DDLx2OvWiEQtfgziR?usp=sharing,https://drive.google.com/drive/folders/1GDwA3x73HwQds8JfjRIqitLUEte396HD?usp=sharing,https://docs.google.com/spreadsheets/d/12gStVcXMmH-kqvcCDA9TkaaDikqc_Y8RApHE6iaG3Zw/edit?usp=sharing,https://docs.google.com/spreadsheets/d/1yRXlGOqGfZaR6a1FjI6dO-BxCjvKGEkBatX1slQxBSA/edit?usp=sharing,https://docs.google.com/spreadsheets/d/1yRXlGOqGfZaR6a1FjI6dO-BxCjvKGEkBatX1slQxBSA/edit?usp=sharing,https://docs.google.com/spreadsheets/d/1dYZCOlB72fOnvr-9qrVGgPyBb0Rx_RzI8CPj7NBMmL8/edit?usp=sharing,
MA_354_1,A1,MeNH3I,0.5,0.75,0.52,0.75,GBL,180,800,20,19,4,https://drive.google.com/file/d/1Oy6L2Lzm5Il8iz5PHPFkvohYvmb4zqnz/view?usp=sharing,https://drive.google.com/drive/folders/1fUPEgoJdbzdMy8l0Tf29H8SRdBjvMAhl?usp=sharing,https://drive.google.com/drive/folders/1qe6A2K24SgOeuE59QN0DXPLe4DEe_MXm?usp=sharing,https://docs.google.com/spreadsheets/d/1MaHEizDztGrHPUz2Txn-XmRF1L6xpCWJm7M5F6kqzPo/edit?usp=sharing,https://docs.google.com/spreadsheets/d/1UwOp4Xz7mzONj1wY_fGiTEQ1NkQ6Y7V0x1dlOQ_b8wY/edit?usp=sharing,https://docs.google.com/spreadsheets/d/1UwOp4Xz7mzONj1wY_fGiTEQ1NkQ6Y7V0x1dlOQ_b8wY/edit?usp=sharing,https://docs.google.com/spreadsheets/d/1F10aBn0_wdIISPzyYv2wIx_iKB3h_5HxrTHnEPQumek/edit?usp=sharing,
MA_354_2,C1,MeNH3I,0.5,0.75,0.5,0.74,DMF,180,800,20,19,4,https://drive.google.com/file/d/1gbOhjX2inSfGFnih0ACSE3ZubG0_u4eo/view?usp=sharing,https://drive.google.com/drive/folders/1fUPEgoJdbzdMy8l0Tf29H8SRdBjvMAhl?usp=sharing,https://drive.google.com/drive/folders/1b4IsicPrSowZpkk9d-TpNymf5m3fBOI7?usp=sharing,https://docs.google.com/spreadsheets/d/1WTS07eh8xmvsGhlQb2rv8pPBmsHkh8F5SBUhN-NjZr4/edit?usp=sharing,https://docs.google.com/spreadsheets/d/1xg2GPfEct7xZEkiaHLHUDoCtAywB_cfTlI7Uw9l0TqA/edit?usp=sharing,https://docs.google.com/spreadsheets/d/1xg2GPfEct7xZEkiaHLHUDoCtAywB_cfTlI7Uw9l0TqA/edit?usp=sharing,https://docs.google.com/spreadsheets/d/1LxQicsBoSUxm8yq2T3NscAyCWlJpuDGKljh5cQ9yvN0/edit?usp=sharing,
MA_354_3,E1,MeNH3I,0.5,0.75,0.5,0.76,DMSO,180,800,20,26,1,https://drive.google.com/file/d/1_ZRIfc1SY9g5t_0g_gdByo-s6yZGGxYc/view?usp=sharing,https://drive.google.com/drive/folders/1fUPEgoJdbzdMy8l0Tf29H8SRdBjvMAhl?usp=sharing,,https://docs.google.com/spreadsheets/d/1ibtCam2sWT-VV9VMblRWY2AvVytXS3qT_19xeAEvqeg/edit?usp=sharing,,,https://docs.google.com/spreadsheets/d/12xR0gFvwaH1WH7lXxcd0P1JwhugsWyfil70wVSFI8_Y/edit?usp=sharing,
MA_354_4,G1,MeNH3I,0.5,0.75,0.51,0.75,DMF:DMSO,180,800,20,23,1,https://drive.google.com/file/d/1z6ZpMvnWwc0Zm5Xf8TaeYFlkBjhY7EXu/view?usp=sharing,https://drive.google.com/drive/folders/1fUPEgoJdbzdMy8l0Tf29H8SRdBjvMAhl?usp=sharing,,https://docs.google.com/spreadsheets/d/18acX1wCQ5ERuivn2skF15XjnuF6avqoJ6h5Yi2EZ0Z4/edit?usp=sharing,,,https://docs.google.com/spreadsheets/d/1fcR5nkxQLXO0ITn9edVfNcO_1gEN2_hdCtb09j_aI5I/edit?usp=sharing,
MA_354_5,A3,MeNH3I,0.5,0.75,0.5,0.78,GBL:DMF,180,800,20,17,4,https://drive.google.com/file/d/1v-bPkF8SThPI4TD0Glpgq12JyTg8Zn_9/view?usp=sharing,https://drive.google.com/drive/folders/1fUPEgoJdbzdMy8l0Tf29H8SRdBjvMAhl?usp=sharing,https://drive.google.com/drive/folders/1UsuJUkCoHKnPgQS2aBtzom0qDQYCW4ca?usp=sharing,https://docs.google.com/spreadsheets/d/1qVJrJiJISIEgWAxBSaHc498YPyO0f5x7sXgbHLaHLfU/edit?usp=sharing,https://docs.google.com/spreadsheets/d/1xnhjLItAUlYS2JlouRnAhNi7LolLYjyup6eeiQBkBxA/edit?usp=sharing,https://docs.google.com/spreadsheets/d/1xnhjLItAUlYS2JlouRnAhNi7LolLYjyup6eeiQBkBxA/edit?usp=sharing,https://docs.google.com/spreadsheets/d/17lf7db6AYi9MCk7UsUoX2cUUNCZsHNFMrAPCHTSOQXs/edit?usp=sharing,
MA_355_1b,A1,PhEtNH3I,0.5,0.75,0.52,0.75,GBL,180,800,20,25,4,https://drive.google.com/file/d/1lhGTxXxMr_uD-j2DmaRAhESgvtbHGD6k/view?usp=sharing,https://drive.google.com/drive/folders/1X6aeDb1lk76gYVr1Z1NYyr2Bbym4eDfe?usp=sharing,https://drive.google.com/drive/folders/1inGeg4ZEHS2Ag6Inb1gG1TlBe10OrETR?usp=sharing,https://docs.google.com/spreadsheets/d/1HTCYHWz6swz3ABs7m1fDDYnbg2jOqCtVUtO_ij8hnD0/edit?usp=sharing,https://docs.google.com/spreadsheets/d/1Nj3Ut90XMQuSgh63KE8ioDzwZ_AII16S9xRpKbThNIs/edit?usp=sharing,https://docs.google.com/spreadsheets/d/1Nj3Ut90XMQuSgh63KE8ioDzwZ_AII16S9xRpKbThNIs/edit?usp=sharing,https://docs.google.com/spreadsheets/d/1X90rYmE6vYmWMD_905HcKQflmFHfSBNIGIfBO6b_ozA/edit#gid=172010980,
MA_355_2,C1,PhEtNH3I,0.5,0.75,0.5,0.75,DMF,180,800,20,23,1,https://drive.google.com/file/d/1UCM7_k7KOAaoqxQSuSgPN_SJS6oyWN9S/view?usp=sharing,https://drive.google.com/drive/folders/1PwTbxpdysS1Knzm1rI3fy-YfrkZwmR3P?usp=sharing,,https://docs.google.com/spreadsheets/d/18sJ8uLC3_v-3a0TqSpzeTzkgAav855tF1nSvASvO_mA/edit?usp=sharing,,,https://docs.google.com/spreadsheets/d/1D1qnwz3GXio3WeBnW3RLnmCTRhCdNQcdD6A8HPYvJkw/edit?usp=sharing,
MA_355_3,E1,PhEtNH3I,0.5,0.75,0.5,0.75,DMSO,180,700,20,38,1,https://drive.google.com/file/d/10r6qiF6PyH1QQxG_9PHv1-sR7o-1lG4L/view?usp=sharing,https://drive.google.com/drive/folders/1PwTbxpdysS1Knzm1rI3fy-YfrkZwmR3P?usp=sharing,,https://docs.google.com/spreadsheets/d/1ISOD5MrrBlbtAVlW6xuTtaOn28oPKSev1uw_YVGo69A/edit?usp=sharing,,,https://docs.google.com/spreadsheets/d/1zDqkS0Md2vrU0UP5a9KVrUHJwlJ1baMM4agDbpKBhpw/edit?usp=sharing,
MA_355_4,G1,PhEtNH3I,0.5,0.75,0.51,0.75,DMF:DMSO,180,800,20,23,1,https://drive.google.com/file/d/1i-klnl6WSCFryvy7lJtFXE19EJNO2kbU/view?usp=sharing,https://drive.google.com/drive/folders/1PwTbxpdysS1Knzm1rI3fy-YfrkZwmR3P?usp=sharing,,https://docs.google.com/spreadsheets/d/1TGKyTvwFsEAUYQU4kfGEOtLQLVKD536PcyUiYa9orrI/edit?usp=sharing,,,https://docs.google.com/spreadsheets/d/1O3Hr6IVrjNx4-Nx70E727xHXFiqEgxyIy539PJaeO8Q/edit?usp=sharing,
MA_355_5,A3,PhEtNH3I,0.5,0.75,0.5,0.75,GBL:DMF,180,800,20,22,1,https://drive.google.com/file/d/1YZxpfVwiFMDd9q0bVuhn5pEdorinfnT_/view?usp=sharing,https://drive.google.com/drive/folders/1PwTbxpdysS1Knzm1rI3fy-YfrkZwmR3P?usp=sharing,,https://docs.google.com/spreadsheets/d/1kNVa2-9747Y6eBKSmg0bGi_N_cO_4Eo5iChMgs_oCn4/edit?usp=sharing,,,https://docs.google.com/spreadsheets/d/1OfMM0R_jhSvrmJmYpUo7rfU5rguLF9vt2RIuqMm0GFc/edit?usp=sharing,
MA_356_2,A1,Propane13diammoniumIodide,0.5,0.75,0.51,0.77,DMF,180,800,20,25,1,https://drive.google.com/file/d/1IZzcPQgsosxGQPQQ7bk_iVwzAw8I4g0o/view?usp=sharing,https://drive.google.com/drive/folders/17_PamODCMniHz_YTh4EEYyFONomTHS8M?usp=sharing,,https://docs.google.com/spreadsheets/d/1rwvHcVpUX_5KNdrtWQ_tqWK5lWlfqKSKOAHYcTairpE/edit?usp=sharing,,,https://docs.google.com/spreadsheets/d/1M0rhpQtetKGgcbqBZ74RVEk6zwd7dbBH6jKmAfdiaXk/edit?usp=sharing,
MA_385_1,C1,Propane13diammoniumIodide,0.5,0.75,0.5,0.75,DMSO,180,800,20,8,1,https://drive.google.com/file/d/1JH9UNlgzVFj9SHp3hiaEfeuMhC_SLAaq/view?usp=sharing,https://drive.google.com/drive/folders/17_PamODCMniHz_YTh4EEYyFONomTHS8M?usp=sharing,,https://docs.google.com/spreadsheets/d/1S9aCrAZz9gz5oV8-Ij4yOSlnbqyy-8Dl6Bj6xtej8AI/edit?usp=sharing,,,https://docs.google.com/spreadsheets/d/1mZ0-HQ0gAWkvTNJ9nrDdaF-6sXYxAH9xw3mFmyzBlCs/edit?usp=sharing,
MA_356_4,E1,Propane13diammoniumIodide,0.5,0.75,0.52,0.78,DMF:DMSO,180,800,20,23,1,https://drive.google.com/file/d/1MFQ5JbcffGj2bEKm_pDUkjBeYCy5QV_-/view?usp=sharing,https://drive.google.com/drive/folders/17_PamODCMniHz_YTh4EEYyFONomTHS8M?usp=sharing,,https://docs.google.com/spreadsheets/d/1mSz8621xwRBLzWbnZZZANg_9P3OTwRAmIRtqqfs6x78/edit?usp=sharing,,,https://docs.google.com/spreadsheets/d/1vqXeZFSHocgVgdYvjF2rYfdW_1ijhuQg7nZu69sxsXs/edit?usp=sharing,
MA_356_5,G1,Propane13diammoniumIodide,0.5,0.75,0.51,0.78,GBL:DMF,180,800,20,15,4,https://drive.google.com/file/d/15b2JjWZZehaewEKVmD9dSy05F1EWW-iU/view?usp=sharing,https://drive.google.com/drive/folders/17_PamODCMniHz_YTh4EEYyFONomTHS8M?usp=sharing,,https://docs.google.com/spreadsheets/d/1wPi_2a_f-U9lDfhLoMAixgg4RyOl9gXXBRnh4A8CNXg/edit?usp=sharing,https://docs.google.com/spreadsheets/d/1IZ3XsgbwWgGSpk4yJf4EcMs-fYg7moCcxFnnPqy2k40/edit?usp=sharing,,https://docs.google.com/spreadsheets/d/1UtcwiE2EU-NtvWqTueNjhA9usH7GWY2TuzN4EnojNXU/edit?usp=sharing,
MA_357_1a,A1,NNDimethylethane12diammoniumiodide,0.5,0.75,0.5,0.72,GBL,180,800,20,15,4,https://drive.google.com/file/d/11OYOzm0Mn1Z4egY6XrILWJ82nYsKGBPR/view?usp=sharing,https://drive.google.com/drive/folders/1nNRXrnAlO3UyWwdKpZCNT4MfFcfhTw0_?usp=sharing,https://drive.google.com/drive/folders/1OkvIqurxw5fbaL0o36MtPHBFH2hxNLOU?usp=sharing,https://docs.google.com/spreadsheets/d/12p_OcFsLdLn-W6F5a3GKmrT3Tpwaj1cPuWTBdxHjkMA/edit?usp=sharing,https://docs.google.com/spreadsheets/d/150U_OEhL95ZFYk-BbOikIOzRURmxsKLBs1Uk0dZkDpg/edit?usp=sharing,https://docs.google.com/spreadsheets/d/150U_OEhL95ZFYk-BbOikIOzRURmxsKLBs1Uk0dZkDpg/edit?usp=sharing,https://docs.google.com/spreadsheets/d/1H1RJEj20H6opyW_jhwdXORMas6OAF3KGKlVKpj09rG4/edit?usp=sharing,
MA_357_2,C1,NNDimethylethane12diammoniumiodide,0.5,0.75,0.5,0.72,DMF,180,800,20,23,4,https://drive.google.com/file/d/1Hd0rEMcK7Hau2J6vff_6YgG8OL8myw38/view?usp=sharing,https://drive.google.com/drive/folders/1nNRXrnAlO3UyWwdKpZCNT4MfFcfhTw0_?usp=sharing,https://drive.google.com/drive/folders/1W7tRwHBcpkr3J3LAE_C9EUMDYtU0zc0L?usp=sharing,https://docs.google.com/spreadsheets/d/1_bVAJ4NsP35HpgQ18FfvTak4TWFi-atv6Gn98RjpWec/edit?usp=sharing,https://docs.google.com/spreadsheets/d/1DjbDaHG6SHHVZAiRtUTGJ41neoU0ORHUH0ztSZvJac0/edit?usp=sharing,https://docs.google.com/spreadsheets/d/1DjbDaHG6SHHVZAiRtUTGJ41neoU0ORHUH0ztSZvJac0/edit?usp=sharing,https://docs.google.com/spreadsheets/d/1X4-bzTQb6DpZewEM5UkV1x3zXvNEp-OdTfFOOkxSXoc/edit#gid=415583891,
MA_380_7,,NNDimethylethane12diammoniumiodide,0.5,0.75,0.52,0.72,DMSO,180,800,20,22,4,https://drive.google.com/file/d/1v-n6_B9_IweQ1gi9IDBYZAyEhsaBS7_q/view?usp=sharing,,https://drive.google.com/drive/folders/1LXQFHoJb5p0qb_I5Gp9DFKNB6ESLVU6-?usp=sharing,https://docs.google.com/spreadsheets/d/1pju332b6cQ219H9garRCR7UKhBTVszHTA-MKzSyXV78/edit?usp=sharing,,https://docs.google.com/spreadsheets/d/19BrTBiXOZ0tj1HQ-Fj23J0OoRXk-G5FWI2uZefoPMdk/edit?usp=sharing,https://docs.google.com/spreadsheets/d/1_bs30PzkZtsuzLiyan8qpzHtidqwAsrPcW-txkJhPNE/edit#gid=924562976,
MA_357_4,G1,NNDimethylethane12diammoniumiodide,0.5,0.75,0.51,0.74,DMF:DMSO,180,800,20,23,3,https://drive.google.com/file/d/1w-SRDRDl8wbQOeKYhfb_I-kfSu2G2ctI/view?usp=sharing,https://drive.google.com/drive/folders/1nNRXrnAlO3UyWwdKpZCNT4MfFcfhTw0_?usp=sharing,https://drive.google.com/drive/folders/1t86-T88MMOcmyeNmW1DbXzYAe7KBunft?usp=sharing,https://docs.google.com/spreadsheets/d/1Q81MogckR5PONafb7w0FYxZGGTn_jP_xKsEt2qXN2G4/edit?usp=sharing,https://docs.google.com/spreadsheets/d/1dPoXcdTfPXq0YueBBtPIJfXNOIr_tlrSJk3un_MRLS0/edit?usp=sharing,https://docs.google.com/spreadsheets/d/1dPoXcdTfPXq0YueBBtPIJfXNOIr_tlrSJk3un_MRLS0/edit?usp=sharing,https://docs.google.com/spreadsheets/d/1GzVpYIkGkO_F6kT4Z9RqkOJQ1vRJHgPu7i7Vf9CCt9w/edit?usp=sharing,
MA_357_5,A3,NNDimethylethane12diammoniumiodide,0.5,0.75,0.52,0.73,GBL:DMF,180,800,20,16,4,https://drive.google.com/file/d/12yyCMD-MAaqqKLdS1W8pBjaY6AWaPTpf/view?usp=sharing,https://drive.google.com/drive/folders/1nNRXrnAlO3UyWwdKpZCNT4MfFcfhTw0_?usp=sharing,https://drive.google.com/drive/folders/1cbTk9WAOWfzr2U9IKxg1pBiYhC3zdsc0?usp=sharing,https://docs.google.com/spreadsheets/d/12mJ9tbQ8oyM25DoKXMHtgb4qEMCgMuOoVA3ufcQuhTw/edit?usp=sharing,https://docs.google.com/spreadsheets/d/1TKHLdkdbuKLWeP68s2fmZF58HISaFYYs8Edpwhx8_A0/edit?usp=sharing,https://docs.google.com/spreadsheets/d/1TKHLdkdbuKLWeP68s2fmZF58HISaFYYs8Edpwhx8_A0/edit?usp=sharing,https://docs.google.com/spreadsheets/d/16nd7tan7-drn7IabNf2XBORfHfpxqgRwt4A-_sXRuyA/edit#gid=1043115647,
MA_359_1,A1,NNDiethylpropane13diammoniumiodide,0.5,0.75,0.51,0.71,GBL,180,800,20,19,4,https://drive.google.com/file/d/1LKG1fTRtiiWTS7hGioYdQ6N4pr8bEkTx/view?usp=sharing,https://drive.google.com/drive/folders/164WAPVv8vn9oPmjNPpVTS2Ef8KKsz0IQ?usp=sharing,https://drive.google.com/drive/folders/1EFyGVoUeLfBZH35TgX3TlOIZh2Cwr7mf?usp=sharing,https://docs.google.com/spreadsheets/d/1nk-vyaI8uVBnP_pdXWCgCPBCbI2DkZtMPiSlbR6RopY/edit?usp=sharing,https://docs.google.com/spreadsheets/d/1pnEhdlRYvEJUUIvblc2lVvQGpUMT9h6_hT60RjEHwaQ/edit?usp=sharing,https://docs.google.com/spreadsheets/d/1pnEhdlRYvEJUUIvblc2lVvQGpUMT9h6_hT60RjEHwaQ/edit?usp=sharing,https://docs.google.com/spreadsheets/d/16cID57QXVDS9_AizCuRpWpGRSJDg4gJGWPk24x_gM-8/edit?usp=sharing,
MA_359_2,C1,NNDiethylpropane13diammoniumiodide,0.5,0.75,0.53,0.71,DMF,180,800,20,24,1,https://drive.google.com/file/d/1yVM-Cqvp73un0f-iWKJqa10cdWiDZv_w/view?usp=sharing,https://drive.google.com/drive/folders/164WAPVv8vn9oPmjNPpVTS2Ef8KKsz0IQ?usp=sharing,,https://docs.google.com/spreadsheets/d/1tnOePUGzW39V8u2lQLxY1p8u2TIj7op919I4I2f2Kto/edit?usp=sharing,,,https://docs.google.com/spreadsheets/d/1cM1TvjPqGiGVqcdU3zsOZE1cAjwNQd7z5nydR1OVDGk/edit?usp=sharing,
MA_359_3,E1,NNDiethylpropane13diammoniumiodide,0.5,0.75,0.5,0.72,DMSO,180,800,20,25,1,https://drive.google.com/file/d/1t0vSx5tme1WrLvI_Z4vCPgAK6Er29rXo/view?usp=sharing,https://drive.google.com/drive/folders/164WAPVv8vn9oPmjNPpVTS2Ef8KKsz0IQ?usp=sharing,,https://docs.google.com/spreadsheets/d/1i1wRH2-BbY90LykHtN36Xw6WPHajP2vvTKND4u_otvM/edit?usp=sharing,,,https://docs.google.com/spreadsheets/d/1I6H2ZUoDMpTuwxocynPjjsgemLUfj2x82fdGxb0Tfx4/edit?usp=sharing,
MA_359_4,G1,NNDiethylpropane13diammoniumiodide,0.5,0.75,0.5,0.71,DMF:DMSO,180,800,20,25,1,https://drive.google.com/file/d/1p_zF50PJyzTUioSegBJOSSM0aEiXaarE/view?usp=sharing,https://drive.google.com/drive/folders/164WAPVv8vn9oPmjNPpVTS2Ef8KKsz0IQ?usp=sharing,,https://docs.google.com/spreadsheets/d/10WnkWkOZxhnlqtnt8ICfEn8VmImO3AN6G9HtmdxqlC4/edit?usp=sharing,,,https://docs.google.com/spreadsheets/d/1xDhLrv12AH3losC5SKAYbiic_0Km1B1nOKwA9KJXuO8/edit?usp=sharing,
MA_359_5,A3,NNDiethylpropane13diammoniumiodide,0.5,0.75,0.5,0.71,GBL:DMF,180,800,20,33,1,https://drive.google.com/file/d/1YvDL_0Es8HYIQE7hYIkFsWI7uLK8DRJL/view?usp=sharing,https://drive.google.com/drive/folders/164WAPVv8vn9oPmjNPpVTS2Ef8KKsz0IQ?usp=sharing,,https://docs.google.com/spreadsheets/d/1FOqSKYMuv1ubfCyWA2I0r61mrHPcY2Mi50nuPFMy2ww/edit?usp=sharing,,,https://docs.google.com/spreadsheets/d/1J5VSkKv2HbMSOijWxNBeS5iuRedbrTJM5oizElXgZFg/edit?usp=sharing,
MA_358_2,A1,Benzenediaminedihydroiodide,0.5,0.75,0.51,0.72,DMF,180,800,20,20,4,https://drive.google.com/file/d/18YFx_5rvI3VlzuCbckDBGDzX4DqlKFN_/view?usp=sharing,https://drive.google.com/drive/folders/1RNMLAv97FGFGFKeKCoRrxlga4lPVZPMN?usp=sharing,https://drive.google.com/drive/folders/1ILyQtpFg7OZqbR_gI4QVyzp3k1987Lx7?usp=sharing,https://docs.google.com/spreadsheets/d/1hQ9Vd9OXLEyYEOqaN_pVcsFFfoZ8Gm6_oRA7R_i0LOE/edit?usp=sharing,https://docs.google.com/spreadsheets/d/1SHJmcZJpK9y5w5nernovyI0yO7EpD-O9Enql2uM_3LA/edit?usp=sharing,https://docs.google.com/spreadsheets/d/1SHJmcZJpK9y5w5nernovyI0yO7EpD-O9Enql2uM_3LA/edit?usp=sharing,https://docs.google.com/spreadsheets/d/1U0v97oWncPGNrxmNc0ME5QgDRkCR_fzBanuud9gvvWY/edit?usp=sharing,
MA_334_3,C1,Benzenediaminedihydroiodide,0.5,0.75,0.56,0.72,DMSO,180,800,20,27,1,https://drive.google.com/file/d/1WXpQwu341h2Md4iCoZXuC0L7r7w3psiZ/view?usp=sharing,https://drive.google.com/drive/folders/1s41voArGCXzZ2FoGW3fxu3PtS2uaFfVI?usp=sharing,,https://docs.google.com/spreadsheets/d/187AJJoBoFS6NH-kyFkuEpsIIj3jZVymaPg_tWKPet2M/edit?usp=sharing,,,https://docs.google.com/spreadsheets/d/1GOW31Jf8mLlCCKMRPgdRtVrlpCwOQ8ttEkm7vF8R4xQ/edit#gid=1178730358,
MA_358_4,E1,Benzenediaminedihydroiodide,0.5,0.75,0.52,0.74,DMF:DMSO,180,800,20,20,3,https://drive.google.com/file/d/19Xtn8-Ry_rcuW2TSVONsYNCPvh0I-M9Q/view?usp=sharing,https://drive.google.com/drive/folders/1RNMLAv97FGFGFKeKCoRrxlga4lPVZPMN?usp=sharing,https://drive.google.com/drive/folders/1ud7C1RHFMtEH5pY553ACEEqGoVrdd46F?usp=sharing,https://docs.google.com/spreadsheets/d/1Dcdwyv5brj9xrqr0yJIbGh_HImA9mlxu60BtDF62S5s/edit?usp=sharing,https://docs.google.com/spreadsheets/d/1firac2IYnqZqCM24HmQh26OaG6WJ4cLXXWX-Ao6VoIA/edit?usp=sharing,https://docs.google.com/spreadsheets/d/1firac2IYnqZqCM24HmQh26OaG6WJ4cLXXWX-Ao6VoIA/edit?usp=sharing,https://docs.google.com/spreadsheets/d/1DJhVEsVsRjzKGb33rBfql4g0YCkbX7xZ37XbJ68eQtc/edit?usp=sharing,
MA_358_5,C1,Benzenediaminedihydroiodide,0.5,0.75,0.5,0.75,GBL:DMF,180,800,20,19,4,https://drive.google.com/file/d/1KCF9cd8-KzfFjTMx8L4UY3DfunFm1BTQ/view?usp=sharing,https://drive.google.com/drive/folders/1RNMLAv97FGFGFKeKCoRrxlga4lPVZPMN?usp=sharing,https://drive.google.com/drive/folders/1VjCCxJ_0BxjGJixp8Fwy7c-sXNrC23np?usp=sharing,https://docs.google.com/spreadsheets/d/1pskf0-lE4hSQUEGZJ6mDwy48s5s7WMYUVQGshfzYRsY/edit?usp=sharing,https://docs.google.com/spreadsheets/d/113mBitoO8oYOPdvCrZpJNUg50bLWbGm4gZjx1ErcwHk/edit?usp=sharing,https://docs.google.com/spreadsheets/d/113mBitoO8oYOPdvCrZpJNUg50bLWbGm4gZjx1ErcwHk/edit?usp=sharing,https://docs.google.com/spreadsheets/d/1N6w91pvHTLzMDjRANmh9rQTZRfTfmTrNnnd6O-Rl-rM/edit?usp=sharing,